{"cameraMode":{"drawMode":0,"name":"Shaded","section":"Shading Mode"},"sceneLighting":true,"audioPlay":false,"sceneViewState":{"m_AlwaysRefresh":false,"showFog":true,"showSkybox":true,"showFlares":true,"showImageEffects":true,"showParticleSystems":true,"showVisualEffectGraphs":true,"m_FxEnabled":true},"in2DMode":false,"pivot":{"x":0.14168047904968263,"y":2.008399486541748,"z":0.5310409069061279},"rotation":{"x":0.10361966490745545,"y":0.00925850123167038,"z":-0.0009638667688705027,"w":0.9945713877677918},"size":1.1277904510498047,"orthographic":false}